gene	uniprot_id	idr_start	idr_end	idr_length	protein_length	source
SNAI1	O95863	1	152	152	264	curated-disorder-merge
SNAI2	O43623	80	117	38	268	prediction-disorder-mobidb_lite
ZEB1	P37275	1	124	124	1124	prediction-disorder-mobidb_lite
ZEB1	P37275	142	163	22	1124	prediction-disorder-mobidb_lite
ZEB1	P37275	304	327	24	1124	prediction-disorder-mobidb_lite
ZEB1	P37275	551	586	36	1124	prediction-disorder-mobidb_lite
ZEB1	P37275	636	714	79	1124	prediction-disorder-mobidb_lite
ZEB1	P37275	856	898	43	1124	prediction-disorder-mobidb_lite
ZEB1	P37275	989	1124	136	1124	prediction-disorder-mobidb_lite
ZEB2	O60315	1	101	101	1214	prediction-disorder-mobidb_lite
ZEB2	O60315	702	740	39	1214	prediction-disorder-mobidb_lite
ZEB2	O60315	771	810	40	1214	prediction-disorder-mobidb_lite
ZEB2	O60315	832	857	26	1214	prediction-disorder-mobidb_lite
ZEB2	O60315	1117	1214	98	1214	prediction-disorder-mobidb_lite
TWIST1	Q15672	1	105	105	202	prediction-disorder-mobidb_lite
TWIST2	Q8WVJ9	1	63	63	160	prediction-disorder-mobidb_lite
ESRP1	Q9NWF9	46	117	72	866	prediction-disorder-mobidb_lite
ESRP1	Q9NWF9	131	161	31	866	prediction-disorder-mobidb_lite
ESRP1	Q9NWF9	211	240	30	866	prediction-disorder-mobidb_lite
ESRP2	Q9UBB5	238	356	119	411	curated-disorder-merge
CDH1	P12830	747	767	21	882	prediction-disorder-mobidb_lite
VIM	P08670	99	144	46	466	curated-disorder-merge
